-- phpMyAdmin SQL Dump
-- version 4.5.2
-- http://www.phpmyadmin.net
--
-- Host: 127.0.0.1
-- Generation Time: Jan 19, 2017 at 03:57 PM
-- Server version: 5.7.9
-- PHP Version: 5.6.16

SET SQL_MODE = "NO_AUTO_VALUE_ON_ZERO";
SET time_zone = "+00:00";


/*!40101 SET @OLD_CHARACTER_SET_CLIENT=@@CHARACTER_SET_CLIENT */;
/*!40101 SET @OLD_CHARACTER_SET_RESULTS=@@CHARACTER_SET_RESULTS */;
/*!40101 SET @OLD_COLLATION_CONNECTION=@@COLLATION_CONNECTION */;
/*!40101 SET NAMES utf8mb4 */;

--
-- Database: `iot`
--

-- --------------------------------------------------------

--
-- Table structure for table `appliances`
--

DROP TABLE IF EXISTS `appliances`;
CREATE TABLE IF NOT EXISTS `appliances` (
  `id` int(11) NOT NULL AUTO_INCREMENT,
  `name` varchar(50) COLLATE utf8_bin NOT NULL,
  `location_id_fk` int(11) NOT NULL,
  PRIMARY KEY (`id`),
  KEY `location_id_fk` (`location_id_fk`)
) ENGINE=InnoDB AUTO_INCREMENT=5 DEFAULT CHARSET=utf8 COLLATE=utf8_bin;

--
-- Dumping data for table `appliances`
--

INSERT INTO `appliances` (`id`, `name`, `location_id_fk`) VALUES
(1, 'TV', 1),
(2, 'Heater', 1),
(3, 'Computer', 2),
(4, 'Bulb', 2);

-- --------------------------------------------------------

--
-- Table structure for table `locations`
--

DROP TABLE IF EXISTS `locations`;
CREATE TABLE IF NOT EXISTS `locations` (
  `id` int(11) NOT NULL AUTO_INCREMENT,
  `name` varchar(50) COLLATE utf8_bin NOT NULL,
  PRIMARY KEY (`id`)
) ENGINE=InnoDB AUTO_INCREMENT=3 DEFAULT CHARSET=utf8 COLLATE=utf8_bin;

--
-- Dumping data for table `locations`
--

INSERT INTO `locations` (`id`, `name`) VALUES
(1, 'kitchen'),
(2, 'Bedroom');

-- --------------------------------------------------------

--
-- Table structure for table `records`
--

DROP TABLE IF EXISTS `records`;
CREATE TABLE IF NOT EXISTS `records` (
  `id` int(11) NOT NULL AUTO_INCREMENT,
  `appliance_id_fk` int(11) NOT NULL,
  `value` varchar(10) COLLATE utf8_bin NOT NULL,
  `date` date NOT NULL,
  `time` time NOT NULL,
  PRIMARY KEY (`id`),
  KEY `appliance_id_fk` (`appliance_id_fk`)
) ENGINE=InnoDB AUTO_INCREMENT=3544 DEFAULT CHARSET=utf8 COLLATE=utf8_bin;

--
-- Dumping data for table `records`
--

INSERT INTO `records` (`id`, `appliance_id_fk`, `value`, `date`, `time`) VALUES
(3201, 1, '82', '2017-01-16', '10:29:48'),
(3202, 2, '53', '2017-01-16', '10:29:48'),
(3203, 3, '118', '2017-01-16', '10:29:48'),
(3204, 4, '123', '2017-01-16', '10:29:48'),
(3205, 1, '3', '2017-01-16', '10:29:49'),
(3206, 2, '180', '2017-01-16', '10:29:49'),
(3207, 3, '8', '2017-01-16', '10:29:50'),
(3208, 4, '73', '2017-01-16', '10:29:50'),
(3209, 1, '137', '2017-01-16', '10:29:51'),
(3210, 2, '180', '2017-01-16', '10:29:51'),
(3211, 3, '99', '2017-01-16', '10:29:51'),
(3212, 4, '93', '2017-01-16', '10:29:51'),
(3213, 1, '49', '2017-01-16', '10:29:53'),
(3214, 2, '143', '2017-01-16', '10:29:53'),
(3215, 3, '18', '2017-01-16', '10:29:53'),
(3216, 4, '146', '2017-01-16', '10:29:53'),
(3217, 1, '75', '2017-01-16', '10:29:54'),
(3218, 2, '175', '2017-01-16', '10:29:54'),
(3219, 3, '81', '2017-01-16', '10:29:54'),
(3220, 4, '176', '2017-01-16', '10:29:54'),
(3221, 1, '130', '2017-01-16', '10:29:56'),
(3222, 2, '135', '2017-01-16', '10:29:56'),
(3223, 3, '128', '2017-01-16', '10:29:56'),
(3224, 4, '48', '2017-01-16', '10:29:56'),
(3225, 1, '197', '2017-01-16', '10:29:57'),
(3226, 2, '162', '2017-01-16', '10:29:57'),
(3227, 3, '61', '2017-01-16', '10:29:57'),
(3228, 4, '47', '2017-01-16', '10:29:57'),
(3229, 1, '137', '2017-01-16', '10:29:59'),
(3230, 2, '14', '2017-01-16', '10:29:59'),
(3231, 3, '195', '2017-01-16', '10:29:59'),
(3232, 4, '30', '2017-01-16', '10:29:59'),
(3233, 1, '7', '2017-01-16', '10:30:00'),
(3234, 2, '56', '2017-01-16', '10:30:00'),
(3235, 3, '125', '2017-01-16', '10:30:00'),
(3236, 4, '143', '2017-01-16', '10:30:00'),
(3237, 1, '66', '2017-01-16', '10:30:02'),
(3238, 2, '15', '2017-01-16', '10:30:02'),
(3239, 3, '50', '2017-01-16', '10:30:02'),
(3240, 4, '142', '2017-01-16', '10:30:02'),
(3241, 1, '75', '2017-01-16', '10:30:03'),
(3242, 2, '123', '2017-01-16', '10:30:03'),
(3243, 3, '65', '2017-01-16', '10:30:03'),
(3244, 4, '12', '2017-01-16', '10:30:03'),
(3245, 1, '29', '2017-01-16', '10:30:05'),
(3246, 2, '180', '2017-01-16', '10:30:05'),
(3247, 3, '173', '2017-01-16', '10:30:05'),
(3248, 4, '157', '2017-01-16', '10:30:05'),
(3249, 1, '156', '2017-01-16', '10:30:06'),
(3250, 2, '23', '2017-01-16', '10:30:06'),
(3251, 3, '153', '2017-01-16', '10:30:06'),
(3252, 4, '6', '2017-01-16', '10:30:06'),
(3253, 1, '152', '2017-01-16', '10:30:08'),
(3254, 2, '176', '2017-01-16', '10:30:08'),
(3255, 3, '162', '2017-01-16', '10:30:08'),
(3256, 4, '138', '2017-01-16', '10:30:08'),
(3257, 1, '11', '2017-01-16', '10:30:09'),
(3258, 2, '66', '2017-01-16', '10:30:09'),
(3259, 3, '94', '2017-01-16', '10:30:09'),
(3260, 4, '109', '2017-01-16', '10:30:09'),
(3261, 1, '82', '2017-01-16', '10:30:11'),
(3262, 2, '196', '2017-01-16', '10:30:11'),
(3263, 3, '9', '2017-01-16', '10:30:11'),
(3264, 4, '96', '2017-01-16', '10:30:11'),
(3265, 1, '44', '2017-01-16', '10:30:12'),
(3266, 2, '135', '2017-01-16', '10:30:13'),
(3267, 3, '165', '2017-01-16', '10:30:13'),
(3268, 4, '58', '2017-01-16', '10:30:13'),
(3269, 1, '3', '2017-01-16', '10:30:14'),
(3270, 2, '103', '2017-01-16', '10:30:14'),
(3271, 3, '4', '2017-01-16', '10:30:14'),
(3272, 4, '46', '2017-01-16', '10:30:14'),
(3273, 1, '155', '2017-01-16', '10:30:16'),
(3274, 2, '150', '2017-01-16', '10:30:16'),
(3275, 3, '175', '2017-01-16', '10:30:16'),
(3276, 4, '27', '2017-01-16', '10:30:16'),
(3277, 1, '163', '2017-01-16', '10:30:17'),
(3278, 2, '152', '2017-01-16', '10:30:17'),
(3279, 3, '111', '2017-01-16', '10:30:17'),
(3280, 4, '184', '2017-01-16', '10:30:17'),
(3281, 1, '187', '2017-01-16', '10:30:19'),
(3282, 2, '116', '2017-01-16', '10:30:19'),
(3283, 3, '77', '2017-01-16', '10:30:19'),
(3284, 4, '51', '2017-01-16', '10:30:19'),
(3285, 1, '90', '2017-01-16', '10:30:20'),
(3286, 2, '83', '2017-01-16', '10:30:20'),
(3287, 3, '20', '2017-01-16', '10:30:20'),
(3288, 4, '199', '2017-01-16', '10:30:20'),
(3289, 1, '190', '2017-01-16', '10:30:22'),
(3290, 2, '42', '2017-01-16', '10:30:22'),
(3291, 3, '111', '2017-01-16', '10:30:22'),
(3292, 4, '36', '2017-01-16', '10:30:22'),
(3293, 1, '62', '2017-01-16', '10:30:23'),
(3294, 2, '60', '2017-01-16', '10:30:23'),
(3295, 3, '69', '2017-01-16', '10:30:23'),
(3296, 4, '114', '2017-01-16', '10:30:23'),
(3297, 1, '78', '2017-01-16', '10:30:25'),
(3298, 2, '66', '2017-01-16', '10:30:25'),
(3299, 3, '157', '2017-01-16', '10:30:25'),
(3300, 4, '99', '2017-01-16', '10:30:25'),
(3301, 1, '50', '2017-01-16', '10:30:26'),
(3302, 2, '19', '2017-01-16', '10:30:26'),
(3303, 3, '98', '2017-01-16', '10:30:26'),
(3304, 4, '43', '2017-01-16', '10:30:26'),
(3305, 1, '168', '2017-01-16', '10:30:28'),
(3306, 2, '176', '2017-01-16', '10:30:28'),
(3307, 3, '101', '2017-01-16', '10:30:28'),
(3308, 4, '46', '2017-01-16', '10:30:28'),
(3309, 1, '88', '2017-01-16', '10:30:29'),
(3310, 2, '120', '2017-01-16', '10:30:29'),
(3311, 3, '81', '2017-01-16', '10:30:29'),
(3312, 4, '49', '2017-01-16', '10:30:29'),
(3313, 1, '111', '2017-01-16', '10:30:31'),
(3314, 2, '147', '2017-01-16', '10:30:31'),
(3315, 3, '44', '2017-01-16', '10:30:31'),
(3316, 4, '76', '2017-01-16', '10:30:31'),
(3317, 1, '196', '2017-01-16', '10:30:32'),
(3318, 2, '78', '2017-01-16', '10:30:32'),
(3319, 3, '56', '2017-01-16', '10:30:32'),
(3320, 4, '36', '2017-01-16', '10:30:33'),
(3321, 1, '62', '2017-01-16', '10:30:34'),
(3322, 2, '39', '2017-01-16', '10:30:34'),
(3323, 3, '39', '2017-01-16', '10:30:34'),
(3324, 4, '79', '2017-01-16', '10:30:34'),
(3325, 1, '87', '2017-01-16', '10:30:36'),
(3326, 2, '66', '2017-01-16', '10:30:36'),
(3327, 3, '100', '2017-01-16', '10:30:36'),
(3328, 4, '6', '2017-01-16', '10:30:36'),
(3329, 1, '91', '2017-01-16', '10:30:37'),
(3330, 2, '156', '2017-01-16', '10:30:37'),
(3331, 3, '98', '2017-01-16', '10:30:37'),
(3332, 4, '146', '2017-01-16', '10:30:37'),
(3333, 1, '70', '2017-01-16', '10:30:39'),
(3334, 2, '33', '2017-01-16', '10:30:39'),
(3335, 3, '1', '2017-01-16', '10:30:39'),
(3336, 4, '190', '2017-01-16', '10:30:39'),
(3337, 1, '184', '2017-01-16', '10:30:40'),
(3338, 2, '58', '2017-01-16', '10:30:40'),
(3339, 3, '127', '2017-01-16', '10:30:40'),
(3340, 4, '194', '2017-01-16', '10:30:40'),
(3341, 1, '186', '2017-01-16', '10:30:42'),
(3342, 2, '97', '2017-01-16', '10:30:42'),
(3343, 3, '89', '2017-01-16', '10:30:42'),
(3344, 4, '35', '2017-01-16', '10:30:42'),
(3345, 1, '127', '2017-01-16', '10:30:43'),
(3346, 2, '168', '2017-01-16', '10:30:43'),
(3347, 3, '100', '2017-01-16', '10:30:43'),
(3348, 4, '64', '2017-01-16', '10:30:43'),
(3349, 1, '140', '2017-01-16', '10:30:45'),
(3350, 2, '188', '2017-01-16', '10:30:45'),
(3351, 3, '10', '2017-01-16', '10:30:45'),
(3352, 4, '83', '2017-01-16', '10:30:45'),
(3353, 1, '23', '2017-01-16', '10:30:46'),
(3354, 2, '31', '2017-01-16', '10:30:46'),
(3355, 3, '23', '2017-01-16', '10:30:46'),
(3356, 4, '156', '2017-01-16', '10:30:46'),
(3357, 1, '114', '2017-01-16', '10:30:48'),
(3358, 2, '12', '2017-01-16', '10:30:48'),
(3359, 3, '169', '2017-01-16', '10:30:48'),
(3360, 4, '152', '2017-01-16', '10:30:48'),
(3361, 1, '162', '2017-01-16', '10:30:49'),
(3362, 2, '81', '2017-01-16', '10:30:49'),
(3363, 3, '135', '2017-01-16', '10:30:49'),
(3364, 4, '35', '2017-01-16', '10:30:49'),
(3365, 1, '71', '2017-01-16', '10:30:51'),
(3366, 2, '24', '2017-01-16', '10:30:51'),
(3367, 3, '70', '2017-01-16', '10:30:51'),
(3368, 4, '66', '2017-01-16', '10:30:51'),
(3369, 1, '193', '2017-01-16', '10:30:52'),
(3370, 2, '128', '2017-01-16', '10:30:52'),
(3371, 3, '26', '2017-01-16', '10:30:52'),
(3372, 4, '133', '2017-01-16', '10:30:52'),
(3373, 1, '199', '2017-01-16', '10:30:54'),
(3374, 2, '103', '2017-01-16', '10:30:54'),
(3375, 3, '126', '2017-01-16', '10:30:54'),
(3376, 4, '88', '2017-01-16', '10:30:54'),
(3377, 1, '41', '2017-01-16', '10:30:55'),
(3378, 2, '89', '2017-01-16', '10:30:55'),
(3379, 3, '19', '2017-01-16', '10:30:56'),
(3380, 4, '81', '2017-01-16', '10:30:56'),
(3381, 1, '15', '2017-01-16', '10:30:57'),
(3382, 2, '123', '2017-01-16', '10:30:57'),
(3383, 3, '198', '2017-01-16', '10:30:57'),
(3384, 4, '52', '2017-01-16', '10:30:57'),
(3385, 1, '68', '2017-01-16', '10:30:59'),
(3386, 2, '161', '2017-01-16', '10:30:59'),
(3387, 3, '89', '2017-01-16', '10:30:59'),
(3388, 4, '101', '2017-01-16', '10:30:59'),
(3389, 1, '183', '2017-01-16', '10:31:00'),
(3390, 2, '193', '2017-01-16', '10:31:00'),
(3391, 3, '20', '2017-01-16', '10:31:00'),
(3392, 4, '13', '2017-01-16', '10:31:00'),
(3393, 1, '42', '2017-01-16', '10:31:02'),
(3394, 2, '26', '2017-01-16', '10:31:02'),
(3395, 3, '50', '2017-01-16', '10:31:02'),
(3396, 4, '156', '2017-01-16', '10:31:02'),
(3397, 1, '32', '2017-01-16', '10:31:03'),
(3398, 2, '106', '2017-01-16', '10:31:03'),
(3399, 3, '92', '2017-01-16', '10:31:03'),
(3400, 4, '164', '2017-01-16', '10:31:03'),
(3401, 1, '102', '2017-01-16', '10:31:05'),
(3402, 2, '106', '2017-01-16', '10:31:05'),
(3403, 3, '90', '2017-01-16', '10:31:05'),
(3404, 4, '119', '2017-01-16', '10:31:05'),
(3405, 1, '102', '2017-01-16', '10:31:06'),
(3406, 2, '134', '2017-01-16', '10:31:06'),
(3407, 3, '75', '2017-01-16', '10:31:06'),
(3408, 4, '192', '2017-01-16', '10:31:06'),
(3409, 1, '32', '2017-01-16', '10:31:08'),
(3410, 2, '194', '2017-01-16', '10:31:08'),
(3411, 3, '169', '2017-01-16', '10:31:08'),
(3412, 4, '43', '2017-01-16', '10:31:08'),
(3413, 1, '147', '2017-01-16', '10:31:09'),
(3414, 2, '27', '2017-01-16', '10:31:09'),
(3415, 3, '195', '2017-01-16', '10:31:09'),
(3416, 4, '164', '2017-01-16', '10:31:09'),
(3417, 1, '193', '2017-01-16', '10:31:11'),
(3418, 2, '166', '2017-01-16', '10:31:11'),
(3419, 3, '94', '2017-01-16', '10:31:11'),
(3420, 4, '84', '2017-01-16', '10:31:11'),
(3421, 1, '158', '2017-01-16', '10:31:12'),
(3422, 2, '121', '2017-01-16', '10:31:12'),
(3423, 3, '66', '2017-01-16', '10:31:12'),
(3424, 4, '70', '2017-01-16', '10:31:12'),
(3425, 1, '142', '2017-01-16', '10:31:14'),
(3426, 2, '192', '2017-01-16', '10:31:14'),
(3427, 3, '154', '2017-01-16', '10:31:14'),
(3428, 4, '129', '2017-01-16', '10:31:14'),
(3429, 1, '145', '2017-01-16', '10:31:15'),
(3430, 2, '147', '2017-01-16', '10:31:15'),
(3431, 3, '72', '2017-01-16', '10:31:15'),
(3432, 4, '180', '2017-01-16', '10:31:16'),
(3433, 1, '196', '2017-01-16', '10:31:17'),
(3434, 2, '97', '2017-01-16', '10:31:17'),
(3435, 3, '46', '2017-01-16', '10:31:17'),
(3436, 4, '140', '2017-01-16', '10:31:17'),
(3437, 1, '106', '2017-01-16', '10:31:18'),
(3438, 2, '0', '2017-01-16', '10:31:19'),
(3439, 3, '43', '2017-01-16', '10:31:19'),
(3440, 4, '181', '2017-01-16', '10:31:19'),
(3441, 1, '14', '2017-01-16', '10:31:20'),
(3442, 2, '175', '2017-01-16', '10:31:20'),
(3443, 3, '17', '2017-01-16', '10:31:20'),
(3444, 4, '102', '2017-01-16', '10:31:20'),
(3445, 1, '92', '2017-01-16', '10:31:22'),
(3446, 2, '11', '2017-01-16', '10:31:22'),
(3447, 3, '68', '2017-01-16', '10:31:22'),
(3448, 4, '75', '2017-01-16', '10:31:22'),
(3449, 1, '137', '2017-01-16', '10:31:23'),
(3450, 2, '198', '2017-01-16', '10:31:23'),
(3451, 3, '32', '2017-01-16', '10:31:23'),
(3452, 4, '137', '2017-01-16', '10:31:23'),
(3453, 1, '166', '2017-01-16', '10:31:25'),
(3454, 2, '186', '2017-01-16', '10:31:25'),
(3455, 3, '92', '2017-01-16', '10:31:25'),
(3456, 4, '104', '2017-01-16', '10:31:25'),
(3457, 1, '160', '2017-01-16', '10:31:26'),
(3458, 2, '59', '2017-01-16', '10:31:26'),
(3459, 3, '15', '2017-01-16', '10:31:26'),
(3460, 4, '195', '2017-01-16', '10:31:26'),
(3461, 1, '185', '2017-01-16', '10:31:28'),
(3462, 2, '81', '2017-01-16', '10:31:28'),
(3463, 3, '63', '2017-01-16', '10:31:28'),
(3464, 4, '68', '2017-01-16', '10:31:28'),
(3465, 1, '164', '2017-01-16', '10:31:29'),
(3466, 2, '78', '2017-01-16', '10:31:29'),
(3467, 3, '25', '2017-01-16', '10:31:29'),
(3468, 4, '104', '2017-01-16', '10:31:29'),
(3469, 1, '115', '2017-01-16', '10:31:31'),
(3470, 2, '126', '2017-01-16', '10:31:31'),
(3471, 3, '186', '2017-01-16', '10:31:31'),
(3472, 4, '140', '2017-01-16', '10:31:31'),
(3473, 1, '123', '2017-01-16', '10:31:32'),
(3474, 2, '108', '2017-01-16', '10:31:32'),
(3475, 3, '150', '2017-01-16', '10:31:32'),
(3476, 4, '59', '2017-01-16', '10:31:32'),
(3477, 1, '20', '2017-01-16', '10:31:34'),
(3478, 2, '97', '2017-01-16', '10:31:34'),
(3479, 3, '79', '2017-01-16', '10:31:34'),
(3480, 4, '18', '2017-01-16', '10:31:34'),
(3481, 1, '117', '2017-01-16', '10:31:35'),
(3482, 2, '157', '2017-01-16', '10:31:35'),
(3483, 3, '30', '2017-01-16', '10:31:35'),
(3484, 4, '121', '2017-01-16', '10:31:35'),
(3485, 1, '51', '2017-01-16', '10:31:37'),
(3486, 2, '71', '2017-01-16', '10:31:37'),
(3487, 3, '128', '2017-01-16', '10:31:37'),
(3488, 4, '22', '2017-01-16', '10:31:37'),
(3489, 1, '199', '2017-01-16', '10:31:38'),
(3490, 2, '152', '2017-01-16', '10:31:38'),
(3491, 3, '56', '2017-01-16', '10:31:39'),
(3492, 4, '149', '2017-01-16', '10:31:39'),
(3493, 1, '76', '2017-01-16', '10:31:40'),
(3494, 2, '104', '2017-01-16', '10:31:40'),
(3495, 3, '48', '2017-01-16', '10:31:40'),
(3496, 4, '87', '2017-01-16', '10:31:40'),
(3497, 1, '33', '2017-01-16', '10:31:42'),
(3498, 2, '14', '2017-01-16', '10:31:42'),
(3499, 3, '57', '2017-01-16', '10:31:42'),
(3500, 4, '59', '2017-01-16', '10:31:42'),
(3501, 1, '10', '2017-01-16', '10:31:43'),
(3502, 2, '76', '2017-01-16', '10:31:43'),
(3503, 3, '0', '2017-01-16', '10:31:43'),
(3504, 4, '16', '2017-01-16', '10:31:43'),
(3505, 1, '170', '2017-01-16', '10:31:45'),
(3506, 2, '72', '2017-01-16', '10:31:45'),
(3507, 3, '155', '2017-01-16', '10:31:45'),
(3508, 4, '42', '2017-01-16', '10:31:45'),
(3509, 1, '186', '2017-01-16', '10:31:46'),
(3510, 2, '114', '2017-01-16', '10:31:46'),
(3511, 3, '186', '2017-01-16', '10:31:46'),
(3512, 4, '129', '2017-01-16', '10:31:46'),
(3513, 1, '83', '2017-01-16', '10:31:48'),
(3514, 2, '187', '2017-01-16', '10:31:48'),
(3515, 3, '187', '2017-01-16', '10:31:48'),
(3516, 4, '131', '2017-01-16', '10:31:48'),
(3517, 1, '59', '2017-01-16', '10:31:49'),
(3518, 2, '185', '2017-01-16', '10:31:49'),
(3519, 3, '199', '2017-01-16', '10:31:49'),
(3520, 4, '119', '2017-01-16', '10:31:49'),
(3533, 1, '100', '2017-01-17', '08:09:05'),
(3534, 2, '180', '2017-01-17', '08:09:05'),
(3535, 3, '23', '2017-01-17', '08:09:05'),
(3536, 4, '123', '2017-01-17', '08:09:05'),
(3541, 1, '35', '2017-01-17', '08:11:31'),
(3542, 1, '135', '2017-01-17', '08:11:48'),
(3543, 3, '41', '2017-01-17', '08:11:48');

--
-- Constraints for dumped tables
--

--
-- Constraints for table `appliances`
--
ALTER TABLE `appliances`
  ADD CONSTRAINT `appliances_ibfk_1` FOREIGN KEY (`location_id_fk`) REFERENCES `locations` (`id`);

--
-- Constraints for table `records`
--
ALTER TABLE `records`
  ADD CONSTRAINT `records_ibfk_1` FOREIGN KEY (`appliance_id_fk`) REFERENCES `appliances` (`id`);

/*!40101 SET CHARACTER_SET_CLIENT=@OLD_CHARACTER_SET_CLIENT */;
/*!40101 SET CHARACTER_SET_RESULTS=@OLD_CHARACTER_SET_RESULTS */;
/*!40101 SET COLLATION_CONNECTION=@OLD_COLLATION_CONNECTION */;
